Year,University,Category,Applicants,Passers,PassRate
2020,九州保健福祉大学,新卒,99,65,65.66
2020,九州保健福祉大学,既卒,43,8,18.6
2020,九州保健福祉大学,全体,142,73,51.41
2021,九州保健福祉大学,新卒,109,72,66.06
2021,九州保健福祉大学,既卒,49,13,26.53
2021,九州保健福祉大学,全体,158,85,53.8
2022,九州保健福祉大学,新卒,56,37,66.07
2022,九州保健福祉大学,既卒,68,23,33.82
2022,九州保健福祉大学,全体,124,60,48.39
2023,九州保健福祉大学,新卒,189,130,68.78
2023,九州保健福祉大学,既卒,99,33,33.33
2023,九州保健福祉大学,全体,288,163,56.6
2024,九州保健福祉大学,新卒,191,129,67.54
2024,九州保健福祉大学,既卒,83,23,27.71
2024,九州保健福祉大学,全体,274,152,55.47
2025,九州保健福祉大学,新卒,147,97,65.99
2025,九州保健福祉大学,既卒,40,9,22.5
2025,九州保健福祉大学,全体,187,106,56.68
2020,九州医療科学大学,新卒,111,75,67.57
2020,九州医療科学大学,既卒,79,21,26.58
2020,九州医療科学大学,全体,190,96,50.53
2021,九州医療科学大学,新卒,179,123,68.72
2021,九州医療科学大学,既卒,54,12,22.22
2021,九州医療科学大学,全体,233,135,57.94
2022,九州医療科学大学,新卒,122,85,69.67
2022,九州医療科学大学,既卒,73,19,26.03
2022,九州医療科学大学,全体,195,104,53.33
2023,九州医療科学大学,新卒,192,138,71.88
2023,九州医療科学大学,既卒,37,12,32.43
2023,九州医療科学大学,全体,229,150,65.5
2024,九州医療科学大学,新卒,77,55,71.43
2024,九州医療科学大学,既卒,81,27,33.33
2024,九州医療科学大学,全体,158,82,51.9
2025,九州医療科学大学,新卒,104,68,65.38
2025,九州医療科学大学,既卒,72,14,19.44
2025,九州医療科学大学,全体,176,82,46.59
2020,九州大学,新卒,72,54,75.0
2020,九州大学,既卒,90,24,26.67
2020,九州大学,全体,162,78,48.15
2021,九州大学,新卒,148,106,71.62
2021,九州大学,既卒,82,19,23.17
2021,九州大学,全体,230,125,54.35
2022,九州大学,新卒,169,129,76.33
2022,九州大学,既卒,60,20,33.33
2022,九州大学,全体,229,149,65.07
2023,九州大学,新卒,160,122,76.25
2023,九州大学,既卒,81,27,33.33
2023,九州大学,全体,241,149,61.83
2024,九州大学,新卒,122,92,75.41
2024,九州大学,既卒,66,23,34.85
2024,九州大学,全体,188,115,61.17
2025,九州大学,新卒,152,109,71.71
2025,九州大学,既卒,46,14,30.43
2025,九州大学,全体,198,123,62.12
2020,京都大学,新卒,19,17,89.47
2020,京都大学,既卒,71,20,28.17
2020,京都大学,全体,90,37,41.11
2021,京都大学,新卒,15,14,93.33
2021,京都大学,既卒,42,18,42.86
2021,京都大学,全体,57,32,56.14
2022,京都大学,新卒,14,13,92.86
2022,京都大学,既卒,47,20,42.55
2022,京都大学,全体,61,33,54.1
2023,京都大学,新卒,20,19,95.0
2023,京都大学,既卒,63,27,42.86
2023,京都大学,全体,83,46,55.42
2024,京都大学,新卒,16,15,93.75
2024,京都大学,既卒,46,19,41.3
2024,京都大学,全体,62,34,54.84
2025,京都大学,新卒,18,17,94.44
2025,京都大学,既卒,22,8,36.36
2025,京都大学,全体,40,25,62.5
2020,京都薬科大学,新卒,348,312,89.66
2020,京都薬科大学,既卒,63,30,47.62
2020,京都薬科大学,全体,411,342,83.21
2021,京都薬科大学,新卒,316,281,88.92
2021,京都薬科大学,既卒,71,25,35.21
2021,京都薬科大学,全体,387,306,79.07
2022,京都薬科大学,新卒,280,253,90.36
2022,京都薬科大学,既卒,22,9,40.91
2022,京都薬科大学,全体,302,262,86.75
2023,京都薬科大学,新卒,304,263,86.51
2023,京都薬科大学,既卒,78,24,30.77
2023,京都薬科大学,全体,382,287,75.13
2024,京都薬科大学,新卒,282,261,92.55
2024,京都薬科大学,既卒,20,7,35.0
2024,京都薬科大学,全体,302,268,88.74
2025,京都薬科大学,新卒,293,260,88.74
2025,京都薬科大学,既卒,74,26,35.14
2025,京都薬科大学,全体,367,286,77.93
2020,北海道医療大学,新卒,58,46,79.31
2020,北海道医療大学,既卒,30,11,36.67
2020,北海道医療大学,全体,88,57,64.77
2021,北海道医療大学,新卒,200,160,80.0
2021,北海道医療大学,既卒,78,28,35.9
2021,北海道医療大学,全体,278,188,67.63
2022,北海道医療大学,新卒,156,131,83.97
2022,北海道医療大学,既卒,39,16,41.03
2022,北海道医療大学,全体,195,147,75.38
2023,北海道医療大学,新卒,168,134,79.76
2023,北海道医療大学,既卒,59,22,37.29
2023,北海道医療大学,全体,227,156,68.72
2024,北海道医療大学,新卒,142,114,80.28
2024,北海道医療大学,既卒,69,28,40.58
2024,北海道医療大学,全体,211,142,67.3
2025,北海道医療大学,新卒,111,91,81.98
2025,北海道医療大学,既卒,79,23,29.11
2025,北海道医療大学,全体,190,114,60.0
2020,北海道大学,新卒,46,30,65.22
2020,北海道大学,既卒,99,32,32.32
2020,北海道大学,全体,145,62,42.76
2021,北海道大学,新卒,99,62,62.63
2021,北海道大学,既卒,91,27,29.67
2021,北海道大学,全体,190,89,46.84
2022,北海道大学,新卒,128,86,67.19
2022,北海道大学,既卒,37,10,27.03
2022,北海道大学,全体,165,96,58.18
2023,北海道大学,新卒,82,52,63.41
2023,北海道大学,既卒,54,10,18.52
2023,北海道大学,全体,136,62,45.59
2024,北海道大学,新卒,168,106,63.1
2024,北海道大学,既卒,67,16,23.88
2024,北海道大学,全体,235,122,51.91
2025,北海道大学,新卒,147,95,64.63
2025,北海道大学,既卒,86,27,31.4
2025,北海道大学,全体,233,122,52.36
2020,北海道科学大学,新卒,131,98,74.81
2020,北海道科学大学,既卒,49,11,22.45
2020,北海道科学大学,全体,180,109,60.56
2021,北海道科学大学,新卒,184,143,77.72
2021,北海道科学大学,既卒,27,9,33.33
2021,北海道科学大学,全体,211,152,72.04
2022,北海道科学大学,新卒,63,50,79.37
2022,北海道科学大学,既卒,88,36,40.91
2022,北海道科学大学,全体,151,86,56.95
2023,北海道科学大学,新卒,42,33,78.57
2023,北海道科学大学,既卒,54,14,25.93
2023,北海道科学大学,全体,96,47,48.96
2024,北海道科学大学,新卒,76,58,76.32
2024,北海道科学大学,既卒,56,17,30.36
2024,北海道科学大学,全体,132,75,56.82
2025,北海道科学大学,新卒,184,143,77.72
2025,北海道科学大学,既卒,79,29,36.71
2025,北海道科学大学,全体,263,172,65.4
2020,北里大学,新卒,216,198,91.67
2020,北里大学,既卒,37,13,35.14
2020,北里大学,全体,253,211,83.4
2021,北里大学,新卒,237,223,94.09
2021,北里大学,既卒,86,36,41.86
2021,北里大学,全体,323,259,80.19
2022,北里大学,新卒,216,195,90.28
2022,北里大学,既卒,46,14,30.43
2022,北里大学,全体,262,209,79.77
2023,北里大学,新卒,217,203,93.55
2023,北里大学,既卒,28,10,35.71
2023,北里大学,全体,245,213,86.94
2024,北里大学,新卒,224,204,91.07
2024,北里大学,既卒,44,17,38.64
2024,北里大学,全体,268,221,82.46
2025,北里大学,新卒,196,180,91.84
2025,北里大学,既卒,76,31,40.79
2025,北里大学,全体,272,211,77.57
2020,北陸大学,新卒,131,97,74.05
2020,北陸大学,既卒,85,21,24.71
2020,北陸大学,全体,216,118,54.63
2021,北陸大学,新卒,80,59,73.75
2021,北陸大学,既卒,44,11,25.0
2021,北陸大学,全体,124,70,56.45
2022,北陸大学,新卒,78,59,75.64
2022,北陸大学,既卒,27,7,25.93
2022,北陸大学,全体,105,66,62.86
2023,北陸大学,新卒,43,32,74.42
2023,北陸大学,既卒,87,30,34.48
2023,北陸大学,全体,130,62,47.69
2024,北陸大学,新卒,114,86,75.44
2024,北陸大学,既卒,71,29,40.85
2024,北陸大学,全体,185,115,62.16
2025,北陸大学,新卒,85,64,75.29
2025,北陸大学,既卒,74,17,22.97
2025,北陸大学,全体,159,81,50.94
2020,医療創生大学,新卒,142,95,66.9
2020,医療創生大学,既卒,53,14,26.42
2020,医療創生大学,全体,195,109,55.9
2021,医療創生大学,新卒,110,69,62.73
2021,医療創生大学,既卒,20,4,20.0
2021,医療創生大学,全体,130,73,56.15
2022,医療創生大学,新卒,195,136,69.74
2022,医療創生大学,既卒,76,20,26.32
2022,医療創生大学,全体,271,156,57.56
2023,医療創生大学,新卒,76,46,60.53
2023,医療創生大学,既卒,81,18,22.22
2023,医療創生大学,全体,157,64,40.76
2024,医療創生大学,新卒,180,118,65.56
2024,医療創生大学,既卒,42,9,21.43
2024,医療創生大学,全体,222,127,57.21
2025,医療創生大学,新卒,149,98,65.77
2025,医療創生大学,既卒,38,11,28.95
2025,医療創生大学,全体,187,109,58.29
2020,千葉大学,新卒,35,34,97.14
2020,千葉大学,既卒,99,48,48.48
2020,千葉大学,全体,134,82,61.19
2021,千葉大学,新卒,47,46,97.87
2021,千葉大学,既卒,43,19,44.19
2021,千葉大学,全体,90,65,72.22
2022,千葉大学,新卒,32,31,96.88
2022,千葉大学,既卒,31,16,51.61
2022,千葉大学,全体,63,47,74.6
2023,千葉大学,新卒,39,35,89.74
2023,千葉大学,既卒,62,22,35.48
2023,千葉大学,全体,101,57,56.44
2024,千葉大学,新卒,44,41,93.18
2024,千葉大学,既卒,93,33,35.48
2024,千葉大学,全体,137,74,54.01
2025,千葉大学,新卒,48,46,95.83
2025,千葉大学,既卒,94,40,42.55
2025,千葉大学,全体,142,86,60.56
2020,千葉科学大学,新卒,170,145,85.29
2020,千葉科学大学,既卒,83,33,39.76
2020,千葉科学大学,全体,253,178,70.36
2021,千葉科学大学,新卒,68,56,82.35
2021,千葉科学大学,既卒,43,15,34.88
2021,千葉科学大学,全体,111,71,63.96
2022,千葉科学大学,新卒,48,40,83.33
2022,千葉科学大学,既卒,49,21,42.86
2022,千葉科学大学,全体,97,61,62.89
2023,千葉科学大学,新卒,128,105,82.03
2023,千葉科学大学,既卒,32,12,37.5
2023,千葉科学大学,全体,160,117,73.12
2024,千葉科学大学,新卒,151,126,83.44
2024,千葉科学大学,既卒,71,26,36.62
2024,千葉科学大学,全体,222,152,68.47
2025,千葉科学大学,新卒,132,112,84.85
2025,千葉科学大学,既卒,88,35,39.77
2025,千葉科学大学,全体,220,147,66.82
2020,同志社女子大学,新卒,81,54,66.67
2020,同志社女子大学,既卒,72,23,31.94
2020,同志社女子大学,全体,153,77,50.33
2021,同志社女子大学,新卒,136,90,66.18
2021,同志社女子大学,既卒,24,6,25.0
2021,同志社女子大学,全体,160,96,60.0
2022,同志社女子大学,新卒,99,67,67.68
2022,同志社女子大学,既卒,26,7,26.92
2022,同志社女子大学,全体,125,74,59.2
2023,同志社女子大学,新卒,148,99,66.89
2023,同志社女子大学,既卒,69,19,27.54
2023,同志社女子大学,全体,217,118,54.38
2024,同志社女子大学,新卒,148,92,62.16
2024,同志社女子大学,既卒,36,7,19.44
2024,同志社女子大学,全体,184,99,53.8
2025,同志社女子大学,新卒,166,103,62.05
2025,同志社女子大学,既卒,38,11,28.95
2025,同志社女子大学,全体,204,114,55.88
2020,名古屋市立大学,新卒,111,86,77.48
2020,名古屋市立大学,既卒,64,16,25.0
2020,名古屋市立大学,全体,175,102,58.29
2021,名古屋市立大学,新卒,85,65,76.47
2021,名古屋市立大学,既卒,39,11,28.21
2021,名古屋市立大学,全体,124,76,61.29
2022,名古屋市立大学,新卒,112,93,83.04
2022,名古屋市立大学,既卒,44,15,34.09
2022,名古屋市立大学,全体,156,108,69.23
2023,名古屋市立大学,新卒,146,117,80.14
2023,名古屋市立大学,既卒,77,28,36.36
2023,名古屋市立大学,全体,223,145,65.02
2024,名古屋市立大学,新卒,170,137,80.59
2024,名古屋市立大学,既卒,37,13,35.14
2024,名古屋市立大学,全体,207,150,72.46
2025,名古屋市立大学,新卒,153,122,79.74
2025,名古屋市立大学,既卒,50,15,30.0
2025,名古屋市立大学,全体,203,137,67.49
2020,名城大学,新卒,219,214,97.72
2020,名城大学,既卒,47,20,42.55
2020,名城大学,全体,266,234,87.97
2021,名城大学,新卒,188,182,96.81
2021,名城大学,既卒,27,11,40.74
2021,名城大学,全体,215,193,89.77
2022,名城大学,新卒,232,223,96.12
2022,名城大学,既卒,46,17,36.96
2022,名城大学,全体,278,240,86.33
2023,名城大学,新卒,185,175,94.59
2023,名城大学,既卒,96,47,48.96
2023,名城大学,全体,281,222,79.0
2024,名城大学,新卒,196,185,94.39
2024,名城大学,既卒,44,21,47.73
2024,名城大学,全体,240,206,85.83
2025,名城大学,新卒,163,151,92.64
2025,名城大学,既卒,52,19,36.54
2025,名城大学,全体,215,170,79.07
2020,国際医療福祉大学,新卒,48,38,79.17
2020,国際医療福祉大学,既卒,78,20,25.64
2020,国際医療福祉大学,全体,126,58,46.03
2021,国際医療福祉大学,新卒,117,97,82.91
2021,国際医療福祉大学,既卒,20,7,35.0
2021,国際医療福祉大学,全体,137,104,75.91
2022,国際医療福祉大学,新卒,145,120,82.76
2022,国際医療福祉大学,既卒,72,25,34.72
2022,国際医療福祉大学,全体,217,145,66.82
2023,国際医療福祉大学,新卒,127,101,79.53
2023,国際医療福祉大学,既卒,20,5,25.0
2023,国際医療福祉大学,全体,147,106,72.11
2024,国際医療福祉大学,新卒,191,154,80.63
2024,国際医療福祉大学,既卒,53,19,35.85
2024,国際医療福祉大学,全体,244,173,70.9
2025,国際医療福祉大学,新卒,162,130,80.25
2025,国際医療福祉大学,既卒,53,17,32.08
2025,国際医療福祉大学,全体,215,147,68.37
2020,城西国際大学,新卒,193,137,70.98
2020,城西国際大学,既卒,76,29,38.16
2020,城西国際大学,全体,269,166,61.71
2021,城西国際大学,新卒,160,118,73.75
2021,城西国際大学,既卒,98,44,44.9
2021,城西国際大学,全体,258,162,62.79
2022,城西国際大学,新卒,99,72,72.73
2022,城西国際大学,既卒,57,16,28.07
2022,城西国際大学,全体,156,88,56.41
2023,城西国際大学,新卒,102,73,71.57
2023,城西国際大学,既卒,70,24,34.29
2023,城西国際大学,全体,172,97,56.4
2024,城西国際大学,新卒,172,122,70.93
2024,城西国際大学,既卒,49,16,32.65
2024,城西国際大学,全体,221,138,62.44
2025,城西国際大学,新卒,145,104,71.72
2025,城西国際大学,既卒,48,14,29.17
2025,城西国際大学,全体,193,118,61.14
2020,城西大学,新卒,106,65,61.32
2020,城西大学,既卒,72,19,26.39
2020,城西大学,全体,178,84,47.19
2021,城西大学,新卒,73,43,58.9
2021,城西大学,既卒,94,20,21.28
2021,城西大学,全体,167,63,37.72
2022,城西大学,新卒,122,74,60.66
2022,城西大学,既卒,86,18,20.93
2022,城西大学,全体,208,92,44.23
2023,城西大学,新卒,88,57,64.77
2023,城西大学,既卒,70,19,27.14
2023,城西大学,全体,158,76,48.1
2024,城西大学,新卒,158,93,58.86
2024,城西大学,既卒,31,9,29.03
2024,城西大学,全体,189,102,53.97
2025,城西大学,新卒,101,66,65.35
2025,城西大学,既卒,64,15,23.44
2025,城西大学,全体,165,81,49.09
2020,大阪医科薬科大学,新卒,84,55,65.48
2020,大阪医科薬科大学,既卒,20,5,25.0
2020,大阪医科薬科大学,全体,104,60,57.69
2021,大阪医科薬科大学,新卒,183,121,66.12
2021,大阪医科薬科大学,既卒,98,22,22.45
2021,大阪医科薬科大学,全体,281,143,50.89
2022,大阪医科薬科大学,新卒,50,34,68.0
2022,大阪医科薬科大学,既卒,21,4,19.05
2022,大阪医科薬科大学,全体,71,38,53.52
2023,大阪医科薬科大学,新卒,128,89,69.53
2023,大阪医科薬科大学,既卒,42,10,23.81
2023,大阪医科薬科大学,全体,170,99,58.24
2024,大阪医科薬科大学,新卒,53,39,73.58
2024,大阪医科薬科大学,既卒,34,13,38.24
2024,大阪医科薬科大学,全体,87,52,59.77
2025,大阪医科薬科大学,新卒,61,37,60.66
2025,大阪医科薬科大学,既卒,93,18,19.35
2025,大阪医科薬科大学,全体,154,55,35.71
2020,大阪大学,新卒,49,34,69.39
2020,大阪大学,既卒,86,31,36.05
2020,大阪大学,全体,135,65,48.15
2021,大阪大学,新卒,128,96,75.0
2021,大阪大学,既卒,53,23,43.4
2021,大阪大学,全体,181,119,65.75
2022,大阪大学,新卒,105,83,79.05
2022,大阪大学,既卒,71,19,26.76
2022,大阪大学,全体,176,102,57.95
2023,大阪大学,新卒,186,134,72.04
2023,大阪大学,既卒,78,29,37.18
2023,大阪大学,全体,264,163,61.74
2024,大阪大学,新卒,65,48,73.85
2024,大阪大学,既卒,94,28,29.79
2024,大阪大学,全体,159,76,47.8
2025,大阪大学,新卒,99,68,68.69
2025,大阪大学,既卒,23,7,30.43
2025,大阪大学,全体,122,75,61.48
2020,大阪大谷大学,新卒,182,104,57.14
2020,大阪大谷大学,既卒,94,23,24.47
2020,大阪大谷大学,全体,276,127,46.01
2021,大阪大谷大学,新卒,74,42,56.76
2021,大阪大谷大学,既卒,24,6,25.0
2021,大阪大谷大学,全体,98,48,48.98
2022,大阪大谷大学,新卒,54,29,53.7
2022,大阪大谷大学,既卒,31,7,22.58
2022,大阪大谷大学,全体,85,36,42.35
2023,大阪大谷大学,新卒,90,50,55.56
2023,大阪大谷大学,既卒,57,11,19.3
2023,大阪大谷大学,全体,147,61,41.5
2024,大阪大谷大学,新卒,119,65,54.62
2024,大阪大谷大学,既卒,25,6,24.0
2024,大阪大谷大学,全体,144,71,49.31
2025,大阪大谷大学,新卒,160,84,52.5
2025,大阪大谷大学,既卒,29,5,17.24
2025,大阪大谷大学,全体,189,89,47.09
2020,奥羽大学,新卒,91,80,87.91
2020,奥羽大学,既卒,57,22,38.6
2020,奥羽大学,全体,148,102,68.92
2021,奥羽大学,新卒,78,64,82.05
2021,奥羽大学,既卒,88,26,29.55
2021,奥羽大学,全体,166,90,54.22
2022,奥羽大学,新卒,148,128,86.49
2022,奥羽大学,既卒,20,7,35.0
2022,奥羽大学,全体,168,135,80.36
2023,奥羽大学,新卒,90,76,84.44
2023,奥羽大学,既卒,91,38,41.76
2023,奥羽大学,全体,181,114,62.98
2024,奥羽大学,新卒,87,76,87.36
2024,奥羽大学,既卒,24,8,33.33
2024,奥羽大学,全体,111,84,75.68
2025,奥羽大学,新卒,88,76,86.36
2025,奥羽大学,既卒,23,6,26.09
2025,奥羽大学,全体,111,82,73.87
2020,安田女子大学,新卒,96,67,69.79
2020,安田女子大学,既卒,70,14,20.0
2020,安田女子大学,全体,166,81,48.8
2021,安田女子大学,新卒,89,58,65.17
2021,安田女子大学,既卒,34,12,35.29
2021,安田女子大学,全体,123,70,56.91
2022,安田女子大学,新卒,194,123,63.4
2022,安田女子大学,既卒,70,19,27.14
2022,安田女子大学,全体,264,142,53.79
2023,安田女子大学,新卒,92,59,64.13
2023,安田女子大学,既卒,26,8,30.77
2023,安田女子大学,全体,118,67,56.78
2024,安田女子大学,新卒,51,35,68.63
2024,安田女子大学,既卒,46,13,28.26
2024,安田女子大学,全体,97,48,49.48
2025,安田女子大学,新卒,116,79,68.1
2025,安田女子大学,既卒,46,14,30.43
2025,安田女子大学,全体,162,93,57.41
2020,富山大学,新卒,47,37,78.72
2020,富山大学,既卒,57,23,40.35
2020,富山大学,全体,104,60,57.69
2021,富山大学,新卒,126,97,76.98
2021,富山大学,既卒,71,26,36.62
2021,富山大学,全体,197,123,62.44
2022,富山大学,新卒,43,35,81.4
2022,富山大学,既卒,64,14,21.88
2022,富山大学,全体,107,49,45.79
2023,富山大学,新卒,170,135,79.41
2023,富山大学,既卒,55,21,38.18
2023,富山大学,全体,225,156,69.33
2024,富山大学,新卒,157,129,82.17
2024,富山大学,既卒,66,17,25.76
2024,富山大学,全体,223,146,65.47
2025,富山大学,新卒,152,126,82.89
2025,富山大学,既卒,81,23,28.4
2025,富山大学,全体,233,149,63.95
2020,就実大学,新卒,176,107,60.8
2020,就実大学,既卒,87,22,25.29
2020,就実大学,全体,263,129,49.05
2021,就実大学,新卒,64,40,62.5
2021,就実大学,既卒,28,8,28.57
2021,就実大学,全体,92,48,52.17
2022,就実大学,新卒,71,44,61.97
2022,就実大学,既卒,55,14,25.45
2022,就実大学,全体,126,58,46.03
2023,就実大学,新卒,173,102,58.96
2023,就実大学,既卒,34,9,26.47
2023,就実大学,全体,207,111,53.62
2024,就実大学,新卒,148,86,58.11
2024,就実大学,既卒,45,11,24.44
2024,就実大学,全体,193,97,50.26
2025,就実大学,新卒,59,34,57.63
2025,就実大学,既卒,94,18,19.15
2025,就実大学,全体,153,52,33.99
2020,山陽小野田市立山口東京理科大学,新卒,112,88,78.57
2020,山陽小野田市立山口東京理科大学,既卒,70,18,25.71
2020,山陽小野田市立山口東京理科大学,全体,182,106,58.24
2021,山陽小野田市立山口東京理科大学,新卒,183,154,84.15
2021,山陽小野田市立山口東京理科大学,既卒,89,25,28.09
2021,山陽小野田市立山口東京理科大学,全体,272,179,65.81
2022,山陽小野田市立山口東京理科大学,新卒,162,136,83.95
2022,山陽小野田市立山口東京理科大学,既卒,82,27,32.93
2022,山陽小野田市立山口東京理科大学,全体,244,163,66.8
2023,山陽小野田市立山口東京理科大学,新卒,40,32,80.0
2023,山陽小野田市立山口東京理科大学,既卒,32,11,34.38
2023,山陽小野田市立山口東京理科大学,全体,72,43,59.72
2024,山陽小野田市立山口東京理科大学,新卒,186,148,79.57
2024,山陽小野田市立山口東京理科大学,既卒,48,15,31.25
2024,山陽小野田市立山口東京理科大学,全体,234,163,69.66
2025,山陽小野田市立山口東京理科大学,新卒,154,128,83.12
2025,山陽小野田市立山口東京理科大学,既卒,59,25,42.37
2025,山陽小野田市立山口東京理科大学,全体,213,153,71.83
2020,岐阜薬科大学,新卒,194,146,75.26
2020,岐阜薬科大学,既卒,57,14,24.56
2020,岐阜薬科大学,全体,251,160,63.75
2021,岐阜薬科大学,新卒,45,35,77.78
2021,岐阜薬科大学,既卒,48,18,37.5
2021,岐阜薬科大学,全体,93,53,56.99
2022,岐阜薬科大学,新卒,47,35,74.47
2022,岐阜薬科大学,既卒,74,26,35.14
2022,岐阜薬科大学,全体,121,61,50.41
2023,岐阜薬科大学,新卒,113,81,71.68
2023,岐阜薬科大学,既卒,27,6,22.22
2023,岐阜薬科大学,全体,140,87,62.14
2024,岐阜薬科大学,新卒,96,71,73.96
2024,岐阜薬科大学,既卒,86,28,32.56
2024,岐阜薬科大学,全体,182,99,54.4
2025,岐阜薬科大学,新卒,45,33,73.33
2025,岐阜薬科大学,既卒,53,19,35.85
2025,岐阜薬科大学,全体,98,52,53.06
2020,岡山大学,新卒,76,61,80.26
2020,岡山大学,既卒,56,18,32.14
2020,岡山大学,全体,132,79,59.85
2021,岡山大学,新卒,83,69,83.13
2021,岡山大学,既卒,67,21,31.34
2021,岡山大学,全体,150,90,60.0
2022,岡山大学,新卒,168,135,80.36
2022,岡山大学,既卒,79,28,35.44
2022,岡山大学,全体,247,163,65.99
2023,岡山大学,新卒,196,155,79.08
2023,岡山大学,既卒,39,13,33.33
2023,岡山大学,全体,235,168,71.49
2024,岡山大学,新卒,195,161,82.56
2024,岡山大学,既卒,24,6,25.0
2024,岡山大学,全体,219,167,76.26
2025,岡山大学,新卒,148,123,83.11
2025,岡山大学,既卒,72,23,31.94
2025,岡山大学,全体,220,146,66.36
2020,岩手医科大学,新卒,141,95,67.38
2020,岩手医科大学,既卒,33,9,27.27
2020,岩手医科大学,全体,174,104,59.77
2021,岩手医科大学,新卒,59,37,62.71
2021,岩手医科大学,既卒,92,27,29.35
2021,岩手医科大学,全体,151,64,42.38
2022,岩手医科大学,新卒,42,27,64.29
2022,岩手医科大学,既卒,89,29,32.58
2022,岩手医科大学,全体,131,56,42.75
2023,岩手医科大学,新卒,52,34,65.38
2023,岩手医科大学,既卒,56,17,30.36
2023,岩手医科大学,全体,108,51,47.22
2024,岩手医科大学,新卒,108,73,67.59
2024,岩手医科大学,既卒,59,14,23.73
2024,岩手医科大学,全体,167,87,52.1
2025,岩手医科大学,新卒,81,52,64.2
2025,岩手医科大学,既卒,90,18,20.0
2025,岩手医科大学,全体,171,70,40.94
2020,崇城大学,新卒,191,142,74.35
2020,崇城大学,既卒,73,19,26.03
2020,崇城大学,全体,264,161,60.98
2021,崇城大学,新卒,68,50,73.53
2021,崇城大学,既卒,45,14,31.11
2021,崇城大学,全体,113,64,56.64
2022,崇城大学,新卒,188,142,75.53
2022,崇城大学,既卒,74,26,35.14
2022,崇城大学,全体,262,168,64.12
2023,崇城大学,新卒,94,66,70.21
2023,崇城大学,既卒,75,21,28.0
2023,崇城大学,全体,169,87,51.48
2024,崇城大学,新卒,104,76,73.08
2024,崇城大学,既卒,92,41,44.57
2024,崇城大学,全体,196,117,59.69
2025,崇城大学,新卒,200,147,73.5
2025,崇城大学,既卒,59,18,30.51
2025,崇城大学,全体,259,165,63.71
2020,帝京大学,新卒,72,59,81.94
2020,帝京大学,既卒,63,21,33.33
2020,帝京大学,全体,135,80,59.26
2021,帝京大学,新卒,188,147,78.19
2021,帝京大学,既卒,68,20,29.41
2021,帝京大学,全体,256,167,65.23
2022,帝京大学,新卒,88,66,75.0
2022,帝京大学,既卒,99,36,36.36
2022,帝京大学,全体,187,102,54.55
2023,帝京大学,新卒,110,87,79.09
2023,帝京大学,既卒,31,11,35.48
2023,帝京大学,全体,141,98,69.5
2024,帝京大学,新卒,160,127,79.38
2024,帝京大学,既卒,26,7,26.92
2024,帝京大学,全体,186,134,72.04
2025,帝京大学,新卒,86,72,83.72
2025,帝京大学,既卒,58,21,36.21
2025,帝京大学,全体,144,93,64.58
2020,帝京平成大学,新卒,50,37,74.0
2020,帝京平成大学,既卒,79,21,26.58
2020,帝京平成大学,全体,129,58,44.96
2021,帝京平成大学,新卒,176,127,72.16
2021,帝京平成大学,既卒,59,17,28.81
2021,帝京平成大学,全体,235,144,61.28
2022,帝京平成大学,新卒,70,45,64.29
2022,帝京平成大学,既卒,44,11,25.0
2022,帝京平成大学,全体,114,56,49.12
2023,帝京平成大学,新卒,175,117,66.86
2023,帝京平成大学,既卒,85,28,32.94
2023,帝京平成大学,全体,260,145,55.77
2024,帝京平成大学,新卒,137,98,71.53
2024,帝京平成大学,既卒,76,21,27.63
2024,帝京平成大学,全体,213,119,55.87
2025,帝京平成大学,新卒,136,97,71.32
2025,帝京平成大学,既卒,29,10,34.48
2025,帝京平成大学,全体,165,107,64.85
2020,広島国際大学,新卒,91,52,57.14
2020,広島国際大学,既卒,33,7,21.21
2020,広島国際大学,全体,124,59,47.58
2021,広島国際大学,新卒,156,93,59.62
2021,広島国際大学,既卒,81,17,20.99
2021,広島国際大学,全体,237,110,46.41
2022,広島国際大学,新卒,184,105,57.07
2022,広島国際大学,既卒,68,13,19.12
2022,広島国際大学,全体,252,118,46.83
2023,広島国際大学,新卒,188,111,59.04
2023,広島国際大学,既卒,56,12,21.43
2023,広島国際大学,全体,244,123,50.41
2024,広島国際大学,新卒,76,46,60.53
2024,広島国際大学,既卒,44,13,29.55
2024,広島国際大学,全体,120,59,49.17
2025,広島国際大学,新卒,96,57,59.38
2025,広島国際大学,既卒,39,9,23.08
2025,広島国際大学,全体,135,66,48.89
2020,広島大学,新卒,127,105,82.68
2020,広島大学,既卒,60,19,31.67
2020,広島大学,全体,187,124,66.31
2021,広島大学,新卒,44,35,79.55
2021,広島大学,既卒,24,7,29.17
2021,広島大学,全体,68,42,61.76
2022,広島大学,新卒,88,74,84.09
2022,広島大学,既卒,92,45,48.91
2022,広島大学,全体,180,119,66.11
2023,広島大学,新卒,137,107,78.1
2023,広島大学,既卒,48,14,29.17
2023,広島大学,全体,185,121,65.41
2024,広島大学,新卒,71,58,81.69
2024,広島大学,既卒,98,35,35.71
2024,広島大学,全体,169,93,55.03
2025,広島大学,新卒,68,56,82.35
2025,広島大学,既卒,79,25,31.65
2025,広島大学,全体,147,81,55.1
2020,徳島大学,新卒,92,57,61.96
2020,徳島大学,既卒,96,31,32.29
2020,徳島大学,全体,188,88,46.81
2021,徳島大学,新卒,156,91,58.33
2021,徳島大学,既卒,99,19,19.19
2021,徳島大学,全体,255,110,43.14
2022,徳島大学,新卒,86,53,61.63
2022,徳島大学,既卒,64,15,23.44
2022,徳島大学,全体,150,68,45.33
2023,徳島大学,新卒,192,114,59.38
2023,徳島大学,既卒,46,12,26.09
2023,徳島大学,全体,238,126,52.94
2024,徳島大学,新卒,75,44,58.67
2024,徳島大学,既卒,72,15,20.83
2024,徳島大学,全体,147,59,40.14
2025,徳島大学,新卒,119,71,59.66
2025,徳島大学,既卒,21,5,23.81
2025,徳島大学,全体,140,76,54.29
2020,徳島文理大学,新卒,49,39,79.59
2020,徳島文理大学,既卒,36,12,33.33
2020,徳島文理大学,全体,85,51,60.0
2021,徳島文理大学,新卒,192,157,81.77
2021,徳島文理大学,既卒,54,16,29.63
2021,徳島文理大学,全体,246,173,70.33
2022,徳島文理大学,新卒,198,159,80.3
2022,徳島文理大学,既卒,82,30,36.59
2022,徳島文理大学,全体,280,189,67.5
2023,徳島文理大学,新卒,68,54,79.41
2023,徳島文理大学,既卒,41,13,31.71
2023,徳島文理大学,全体,109,67,61.47
2024,徳島文理大学,新卒,93,76,81.72
2024,徳島文理大学,既卒,41,16,39.02
2024,徳島文理大学,全体,134,92,68.66
2025,徳島文理大学,新卒,56,44,78.57
2025,徳島文理大学,既卒,69,29,42.03
2025,徳島文理大学,全体,125,73,58.4
2020,愛知学院大学,新卒,183,160,87.43
2020,愛知学院大学,既卒,77,33,42.86
2020,愛知学院大学,全体,260,193,74.23
2021,愛知学院大学,新卒,118,102,86.44
2021,愛知学院大学,既卒,32,11,34.38
2021,愛知学院大学,全体,150,113,75.33
2022,愛知学院大学,新卒,62,54,87.1
2022,愛知学院大学,既卒,21,6,28.57
2022,愛知学院大学,全体,83,60,72.29
2023,愛知学院大学,新卒,60,52,86.67
2023,愛知学院大学,既卒,86,36,41.86
2023,愛知学院大学,全体,146,88,60.27
2024,愛知学院大学,新卒,120,105,87.5
2024,愛知学院大学,既卒,76,24,31.58
2024,愛知学院大学,全体,196,129,65.82
2025,愛知学院大学,新卒,85,74,87.06
2025,愛知学院大学,既卒,57,21,36.84
2025,愛知学院大学,全体,142,95,66.9
2020,慶應義塾大学,新卒,123,104,84.55
2020,慶應義塾大学,既卒,99,38,38.38
2020,慶應義塾大学,全体,222,142,63.96
2021,慶應義塾大学,新卒,123,109,88.62
2021,慶應義塾大学,既卒,36,15,41.67
2021,慶應義塾大学,全体,159,124,77.99
2022,慶應義塾大学,新卒,108,94,87.04
2022,慶應義塾大学,既卒,72,25,34.72
2022,慶應義塾大学,全体,180,119,66.11
2023,慶應義塾大学,新卒,127,111,87.4
2023,慶應義塾大学,既卒,97,30,30.93
2023,慶應義塾大学,全体,224,141,62.95
2024,慶應義塾大学,新卒,119,109,91.6
2024,慶應義塾大学,既卒,79,26,32.91
2024,慶應義塾大学,全体,198,135,68.18
2025,慶應義塾大学,新卒,104,89,85.58
2025,慶應義塾大学,既卒,91,30,32.97
2025,慶應義塾大学,全体,195,119,61.03
2020,摂南大学,新卒,53,34,64.15
2020,摂南大学,既卒,57,12,21.05
2020,摂南大学,全体,110,46,41.82
2021,摂南大学,新卒,65,45,69.23
2021,摂南大学,既卒,60,14,23.33
2021,摂南大学,全体,125,59,47.2
2022,摂南大学,新卒,109,71,65.14
2022,摂南大学,既卒,73,18,24.66
2022,摂南大学,全体,182,89,48.9
2023,摂南大学,新卒,173,117,67.63
2023,摂南大学,既卒,51,16,31.37
2023,摂南大学,全体,224,133,59.38
2024,摂南大学,新卒,165,112,67.88
2024,摂南大学,既卒,65,15,23.08
2024,摂南大学,全体,230,127,55.22
2025,摂南大学,新卒,124,82,66.13
2025,摂南大学,既卒,63,18,28.57
2025,摂南大学,全体,187,100,53.48
2020,新潟薬科大学,新卒,146,93,63.7
2020,新潟薬科大学,既卒,51,18,35.29
2020,新潟薬科大学,全体,197,111,56.35
2021,新潟薬科大学,新卒,96,60,62.5
2021,新潟薬科大学,既卒,69,17,24.64
2021,新潟薬科大学,全体,165,77,46.67
2022,新潟薬科大学,新卒,128,80,62.5
2022,新潟薬科大学,既卒,77,20,25.97
2022,新潟薬科大学,全体,205,100,48.78
2023,新潟薬科大学,新卒,140,86,61.43
2023,新潟薬科大学,既卒,60,20,33.33
2023,新潟薬科大学,全体,200,106,53.0
2024,新潟薬科大学,新卒,48,28,58.33
2024,新潟薬科大学,既卒,64,13,20.31
2024,新潟薬科大学,全体,112,41,36.61
2025,新潟薬科大学,新卒,119,68,57.14
2025,新潟薬科大学,既卒,64,18,28.12
2025,新潟薬科大学,全体,183,86,46.99
2020,日本大学,新卒,160,131,81.88
2020,日本大学,既卒,37,18,48.65
2020,日本大学,全体,197,149,75.63
2021,日本大学,新卒,180,144,80.0
2021,日本大学,既卒,78,31,39.74
2021,日本大学,全体,258,175,67.83
2022,日本大学,新卒,163,130,79.75
2022,日本大学,既卒,98,30,30.61
2022,日本大学,全体,261,160,61.3
2023,日本大学,新卒,210,165,78.57
2023,日本大学,既卒,50,11,22.0
2023,日本大学,全体,260,176,67.69
2024,日本大学,新卒,164,137,83.54
2024,日本大学,既卒,39,12,30.77
2024,日本大学,全体,203,149,73.4
2025,日本大学,新卒,278,228,82.01
2025,日本大学,既卒,55,18,32.73
2025,日本大学,全体,333,246,73.87
2020,日本薬科大学,新卒,102,60,58.82
2020,日本薬科大学,既卒,61,15,24.59
2020,日本薬科大学,全体,163,75,46.01
2021,日本薬科大学,新卒,53,30,56.6
2021,日本薬科大学,既卒,59,11,18.64
2021,日本薬科大学,全体,112,41,36.61
2022,日本薬科大学,新卒,60,34,56.67
2022,日本薬科大学,既卒,61,14,22.95
2022,日本薬科大学,全体,121,48,39.67
2023,日本薬科大学,新卒,72,42,58.33
2023,日本薬科大学,既卒,81,17,20.99
2023,日本薬科大学,全体,153,59,38.56
2024,日本薬科大学,新卒,50,28,56.0
2024,日本薬科大学,既卒,21,4,19.05
2024,日本薬科大学,全体,71,32,45.07
2025,日本薬科大学,新卒,110,64,58.18
2025,日本薬科大学,既卒,47,9,19.15
2025,日本薬科大学,全体,157,73,46.5
2020,明治薬科大学,新卒,173,109,63.01
2020,明治薬科大学,既卒,42,8,19.05
2020,明治薬科大学,全体,215,117,54.42
2021,明治薬科大学,新卒,195,129,66.15
2021,明治薬科大学,既卒,33,9,27.27
2021,明治薬科大学,全体,228,138,60.53
2022,明治薬科大学,新卒,100,61,61.0
2022,明治薬科大学,既卒,39,9,23.08
2022,明治薬科大学,全体,139,70,50.36
2023,明治薬科大学,新卒,84,56,66.67
2023,明治薬科大学,既卒,83,24,28.92
2023,明治薬科大学,全体,167,80,47.9
2024,明治薬科大学,新卒,124,75,60.48
2024,明治薬科大学,既卒,56,15,26.79
2024,明治薬科大学,全体,180,90,50.0
2025,明治薬科大学,新卒,84,57,67.86
2025,明治薬科大学,既卒,47,15,31.91
2025,明治薬科大学,全体,131,72,54.96
2020,星薬科大学,新卒,157,138,87.9
2020,星薬科大学,既卒,56,21,37.5
2020,星薬科大学,全体,213,159,74.65
2021,星薬科大学,新卒,86,71,82.56
2021,星薬科大学,既卒,88,26,29.55
2021,星薬科大学,全体,174,97,55.75
2022,星薬科大学,新卒,48,39,81.25
2022,星薬科大学,既卒,76,27,35.53
2022,星薬科大学,全体,124,66,53.23
2023,星薬科大学,新卒,176,144,81.82
2023,星薬科大学,既卒,69,26,37.68
2023,星薬科大学,全体,245,170,69.39
2024,星薬科大学,新卒,160,130,81.25
2024,星薬科大学,既卒,27,8,29.63
2024,星薬科大学,全体,187,138,73.8
2025,星薬科大学,新卒,43,35,81.4
2025,星薬科大学,既卒,66,30,45.45
2025,星薬科大学,全体,109,65,59.63
2020,昭和大学,新卒,155,123,79.35
2020,昭和大学,既卒,95,32,33.68
2020,昭和大学,全体,250,155,62.0
2021,昭和大学,新卒,196,153,78.06
2021,昭和大学,既卒,52,16,30.77
2021,昭和大学,全体,248,169,68.15
2022,昭和大学,新卒,152,120,78.95
2022,昭和大学,既卒,81,34,41.98
2022,昭和大学,全体,233,154,66.09
2023,昭和大学,新卒,97,74,76.29
2023,昭和大学,既卒,96,28,29.17
2023,昭和大学,全体,193,102,52.85
2024,昭和大学,新卒,117,89,76.07
2024,昭和大学,既卒,38,8,21.05
2024,昭和大学,全体,155,97,62.58
2025,昭和大学,新卒,57,43,75.44
2025,昭和大学,既卒,94,32,34.04
2025,昭和大学,全体,151,75,49.67
2020,昭和薬科大学,新卒,153,105,68.63
2020,昭和薬科大学,既卒,34,12,35.29
2020,昭和薬科大学,全体,187,117,62.57
2021,昭和薬科大学,新卒,168,118,70.24
2021,昭和薬科大学,既卒,68,26,38.24
2021,昭和薬科大学,全体,236,144,61.02
2022,昭和薬科大学,新卒,120,78,65.0
2022,昭和薬科大学,既卒,97,23,23.71
2022,昭和薬科大学,全体,217,101,46.54
2023,昭和薬科大学,新卒,41,27,65.85
2023,昭和薬科大学,既卒,45,17,37.78
2023,昭和薬科大学,全体,86,44,51.16
2024,昭和薬科大学,新卒,51,33,64.71
2024,昭和薬科大学,既卒,65,19,29.23
2024,昭和薬科大学,全体,116,52,44.83
2025,昭和薬科大学,新卒,80,50,62.5
2025,昭和薬科大学,既卒,34,8,23.53
2025,昭和薬科大学,全体,114,58,50.88
2020,東京大学,新卒,9,7,77.78
2020,東京大学,既卒,71,26,36.62
2020,東京大学,全体,80,33,41.25
2021,東京大学,新卒,16,13,81.25
2021,東京大学,既卒,54,19,35.19
2021,東京大学,全体,70,32,45.71
2022,東京大学,新卒,18,15,83.33
2022,東京大学,既卒,23,7,30.43
2022,東京大学,全体,41,22,53.66
2023,東京大学,新卒,12,10,83.33
2023,東京大学,既卒,93,42,45.16
2023,東京大学,全体,105,52,49.52
2024,東京大学,新卒,19,16,84.21
2024,東京大学,既卒,61,22,36.07
2024,東京大学,全体,80,38,47.5
2025,東京大学,新卒,12,10,83.33
2025,東京大学,既卒,26,10,38.46
2025,東京大学,全体,38,20,52.63
2020,東京理科大学,新卒,91,85,93.41
2020,東京理科大学,既卒,41,17,41.46
2020,東京理科大学,全体,132,102,77.27
2021,東京理科大学,新卒,62,58,93.55
2021,東京理科大学,既卒,45,18,40.0
2021,東京理科大学,全体,107,76,71.03
2022,東京理科大学,新卒,101,94,93.07
2022,東京理科大学,既卒,43,19,44.19
2022,東京理科大学,全体,144,113,78.47
2023,東京理科大学,新卒,84,77,91.67
2023,東京理科大学,既卒,87,32,36.78
2023,東京理科大学,全体,171,109,63.74
2024,東京理科大学,新卒,103,97,94.17
2024,東京理科大学,既卒,38,18,47.37
2024,東京理科大学,全体,141,115,81.56
2025,東京理科大学,新卒,95,89,93.68
2025,東京理科大学,既卒,88,46,52.27
2025,東京理科大学,全体,183,135,73.77
2020,東京薬科大学,新卒,134,85,63.43
2020,東京薬科大学,既卒,56,11,19.64
2020,東京薬科大学,全体,190,96,50.53
2021,東京薬科大学,新卒,167,106,63.47
2021,東京薬科大学,既卒,30,10,33.33
2021,東京薬科大学,全体,197,116,58.88
2022,東京薬科大学,新卒,187,111,59.36
2022,東京薬科大学,既卒,54,13,24.07
2022,東京薬科大学,全体,241,124,51.45
2023,東京薬科大学,新卒,72,45,62.5
2023,東京薬科大学,既卒,58,17,29.31
2023,東京薬科大学,全体,130,62,47.69
2024,東京薬科大学,新卒,93,59,63.44
2024,東京薬科大学,既卒,58,17,29.31
2024,東京薬科大学,全体,151,76,50.33
2025,東京薬科大学,新卒,116,74,63.79
2025,東京薬科大学,既卒,55,17,30.91
2025,東京薬科大学,全体,171,91,53.22
2020,東北医科薬科大学,新卒,174,104,59.77
2020,東北医科薬科大学,既卒,79,15,18.99
2020,東北医科薬科大学,全体,253,119,47.04
2021,東北医科薬科大学,新卒,199,133,66.83
2021,東北医科薬科大学,既卒,69,15,21.74
2021,東北医科薬科大学,全体,268,148,55.22
2022,東北医科薬科大学,新卒,85,52,61.18
2022,東北医科薬科大学,既卒,63,18,28.57
2022,東北医科薬科大学,全体,148,70,47.3
2023,東北医科薬科大学,新卒,117,71,60.68
2023,東北医科薬科大学,既卒,49,16,32.65
2023,東北医科薬科大学,全体,166,87,52.41
2024,東北医科薬科大学,新卒,188,117,62.23
2024,東北医科薬科大学,既卒,99,21,21.21
2024,東北医科薬科大学,全体,287,138,48.08
2025,東北医科薬科大学,新卒,83,51,61.45
2025,東北医科薬科大学,既卒,35,7,20.0
2025,東北医科薬科大学,全体,118,58,49.15
2020,東北大学,新卒,26,25,96.15
2020,東北大学,既卒,24,9,37.5
2020,東北大学,全体,50,34,68.0
2021,東北大学,新卒,16,15,93.75
2021,東北大学,既卒,49,21,42.86
2021,東北大学,全体,65,36,55.38
2022,東北大学,新卒,16,16,100.0
2022,東北大学,既卒,35,17,48.57
2022,東北大学,全体,51,33,64.71
2023,東北大学,新卒,25,24,96.0
2023,東北大学,既卒,33,14,42.42
2023,東北大学,全体,58,38,65.52
2024,東北大学,新卒,25,24,96.0
2024,東北大学,既卒,92,35,38.04
2024,東北大学,全体,117,59,50.43
2025,東北大学,新卒,26,25,96.15
2025,東北大学,既卒,42,17,40.48
2025,東北大学,全体,68,42,61.76
2020,東邦大学,新卒,87,76,87.36
2020,東邦大学,既卒,68,24,35.29
2020,東邦大学,全体,155,100,64.52
2021,東邦大学,新卒,67,57,85.07
2021,東邦大学,既卒,49,18,36.73
2021,東邦大学,全体,116,75,64.66
2022,東邦大学,新卒,183,159,86.89
2022,東邦大学,既卒,54,18,33.33
2022,東邦大学,全体,237,177,74.68
2023,東邦大学,新卒,55,48,87.27
2023,東邦大学,既卒,29,9,31.03
2023,東邦大学,全体,84,57,67.86
2024,東邦大学,新卒,82,69,84.15
2024,東邦大学,既卒,84,34,40.48
2024,東邦大学,全体,166,103,62.05
2025,東邦大学,新卒,139,116,83.45
2025,東邦大学,既卒,71,25,35.21
2025,東邦大学,全体,210,141,67.14
2020,松山大学,新卒,132,91,68.94
2020,松山大学,既卒,87,24,27.59
2020,松山大学,全体,219,115,52.51
2021,松山大学,新卒,116,81,69.83
2021,松山大学,既卒,32,9,28.12
2021,松山大学,全体,148,90,60.81
2022,松山大学,新卒,167,122,73.05
2022,松山大学,既卒,79,27,34.18
2022,松山大学,全体,246,149,60.57
2023,松山大学,新卒,43,29,67.44
2023,松山大学,既卒,53,10,18.87
2023,松山大学,全体,96,39,40.62
2024,松山大学,新卒,48,33,68.75
2024,松山大学,既卒,98,31,31.63
2024,松山大学,全体,146,64,43.84
2025,松山大学,新卒,103,76,73.79
2025,松山大学,既卒,35,10,28.57
2025,松山大学,全体,138,86,62.32
2020,横浜薬科大学,新卒,52,30,57.69
2020,横浜薬科大学,既卒,71,14,19.72
2020,横浜薬科大学,全体,123,44,35.77
2021,横浜薬科大学,新卒,181,105,58.01
2021,横浜薬科大学,既卒,82,19,23.17
2021,横浜薬科大学,全体,263,124,47.15
2022,横浜薬科大学,新卒,44,26,59.09
2022,横浜薬科大学,既卒,90,18,20.0
2022,横浜薬科大学,全体,134,44,32.84
2023,横浜薬科大学,新卒,185,120,64.86
2023,横浜薬科大学,既卒,21,6,28.57
2023,横浜薬科大学,全体,206,126,61.17
2024,横浜薬科大学,新卒,102,58,56.86
2024,横浜薬科大学,既卒,58,18,31.03
2024,横浜薬科大学,全体,160,76,47.5
2025,横浜薬科大学,新卒,184,108,58.7
2025,横浜薬科大学,既卒,64,19,29.69
2025,横浜薬科大学,全体,248,127,51.21
2020,武庫川女子大学,新卒,150,82,54.67
2020,武庫川女子大学,既卒,74,19,25.68
2020,武庫川女子大学,全体,224,101,45.09
2021,武庫川女子大学,新卒,104,59,56.73
2021,武庫川女子大学,既卒,71,18,25.35
2021,武庫川女子大学,全体,175,77,44.0
2022,武庫川女子大学,新卒,72,42,58.33
2022,武庫川女子大学,既卒,20,4,20.0
2022,武庫川女子大学,全体,92,46,50.0
2023,武庫川女子大学,新卒,189,114,60.32
2023,武庫川女子大学,既卒,40,9,22.5
2023,武庫川女子大学,全体,229,123,53.71
2024,武庫川女子大学,新卒,45,26,57.78
2024,武庫川女子大学,既卒,98,23,23.47
2024,武庫川女子大学,全体,143,49,34.27
2025,武庫川女子大学,新卒,177,105,59.32
2025,武庫川女子大学,既卒,88,26,29.55
2025,武庫川女子大学,全体,265,131,49.43
2020,武蔵野大学,新卒,100,83,83.0
2020,武蔵野大学,既卒,43,18,41.86
2020,武蔵野大学,全体,143,101,70.63
2021,武蔵野大学,新卒,85,68,80.0
2021,武蔵野大学,既卒,50,15,30.0
2021,武蔵野大学,全体,135,83,61.48
2022,武蔵野大学,新卒,153,116,75.82
2022,武蔵野大学,既卒,24,6,25.0
2022,武蔵野大学,全体,177,122,68.93
2023,武蔵野大学,新卒,90,69,76.67
2023,武蔵野大学,既卒,29,9,31.03
2023,武蔵野大学,全体,119,78,65.55
2024,武蔵野大学,新卒,194,158,81.44
2024,武蔵野大学,既卒,60,18,30.0
2024,武蔵野大学,全体,254,176,69.29
2025,武蔵野大学,新卒,130,100,76.92
2025,武蔵野大学,既卒,29,10,34.48
2025,武蔵野大学,全体,159,110,69.18
2020,熊本大学,新卒,115,98,85.22
2020,熊本大学,既卒,30,14,46.67
2020,熊本大学,全体,145,112,77.24
2021,熊本大学,新卒,86,69,80.23
2021,熊本大学,既卒,97,35,36.08
2021,熊本大学,全体,183,104,56.83
2022,熊本大学,新卒,56,47,83.93
2022,熊本大学,既卒,63,25,39.68
2022,熊本大学,全体,119,72,60.5
2023,熊本大学,新卒,135,109,80.74
2023,熊本大学,既卒,40,13,32.5
2023,熊本大学,全体,175,122,69.71
2024,熊本大学,新卒,134,110,82.09
2024,熊本大学,既卒,66,22,33.33
2024,熊本大学,全体,200,132,66.0
2025,熊本大学,新卒,158,130,82.28
2025,熊本大学,既卒,27,8,29.63
2025,熊本大学,全体,185,138,74.59
2020,神戸学院大学,新卒,108,83,76.85
2020,神戸学院大学,既卒,48,12,25.0
2020,神戸学院大学,全体,156,95,60.9
2021,神戸学院大学,新卒,183,147,80.33
2021,神戸学院大学,既卒,46,17,36.96
2021,神戸学院大学,全体,229,164,71.62
2022,神戸学院大学,新卒,160,127,79.38
2022,神戸学院大学,既卒,62,22,35.48
2022,神戸学院大学,全体,222,149,67.12
2023,神戸学院大学,新卒,41,33,80.49
2023,神戸学院大学,既卒,82,32,39.02
2023,神戸学院大学,全体,123,65,52.85
2024,神戸学院大学,新卒,59,46,77.97
2024,神戸学院大学,既卒,77,23,29.87
2024,神戸学院大学,全体,136,69,50.74
2025,神戸学院大学,新卒,124,99,79.84
2025,神戸学院大学,既卒,29,8,27.59
2025,神戸学院大学,全体,153,107,69.93
2020,神戸薬科大学,新卒,92,74,80.43
2020,神戸薬科大学,既卒,55,22,40.0
2020,神戸薬科大学,全体,147,96,65.31
2021,神戸薬科大学,新卒,95,72,75.79
2021,神戸薬科大学,既卒,75,20,26.67
2021,神戸薬科大学,全体,170,92,54.12
2022,神戸薬科大学,新卒,128,98,76.56
2022,神戸薬科大学,既卒,43,17,39.53
2022,神戸薬科大学,全体,171,115,67.25
2023,神戸薬科大学,新卒,82,63,76.83
2023,神戸薬科大学,既卒,40,12,30.0
2023,神戸薬科大学,全体,122,75,61.48
2024,神戸薬科大学,新卒,52,40,76.92
2024,神戸薬科大学,既卒,33,9,27.27
2024,神戸薬科大学,全体,85,49,57.65
2025,神戸薬科大学,新卒,188,157,83.51
2025,神戸薬科大学,既卒,74,29,39.19
2025,神戸薬科大学,全体,262,186,70.99
2020,福山大学,新卒,165,127,76.97
2020,福山大学,既卒,79,23,29.11
2020,福山大学,全体,244,150,61.48
2021,福山大学,新卒,159,128,80.5
2021,福山大学,既卒,43,11,25.58
2021,福山大学,全体,202,139,68.81
2022,福山大学,新卒,132,105,79.55
2022,福山大学,既卒,67,23,34.33
2022,福山大学,全体,199,128,64.32
2023,福山大学,新卒,129,103,79.84
2023,福山大学,既卒,74,25,33.78
2023,福山大学,全体,203,128,63.05
2024,福山大学,新卒,129,97,75.19
2024,福山大学,既卒,94,36,38.3
2024,福山大学,全体,223,133,59.64
2025,福山大学,新卒,168,131,77.98
2025,福山大学,既卒,36,14,38.89
2025,福山大学,全体,204,145,71.08
2020,福岡大学,新卒,153,112,73.2
2020,福岡大学,既卒,94,33,35.11
2020,福岡大学,全体,247,145,58.7
2021,福岡大学,新卒,149,112,75.17
2021,福岡大学,既卒,69,16,23.19
2021,福岡大学,全体,218,128,58.72
2022,福岡大学,新卒,114,86,75.44
2022,福岡大学,既卒,70,21,30.0
2022,福岡大学,全体,184,107,58.15
2023,福岡大学,新卒,113,88,77.88
2023,福岡大学,既卒,83,27,32.53
2023,福岡大学,全体,196,115,58.67
2024,福岡大学,新卒,98,75,76.53
2024,福岡大学,既卒,23,7,30.43
2024,福岡大学,全体,121,82,67.77
2025,福岡大学,新卒,119,91,76.47
2025,福岡大学,既卒,89,29,32.58
2025,福岡大学,全体,208,120,57.69
2020,立命館大学,新卒,84,48,57.14
2020,立命館大学,既卒,55,14,25.45
2020,立命館大学,全体,139,62,44.6
2021,立命館大学,新卒,50,30,60.0
2021,立命館大学,既卒,29,6,20.69
2021,立命館大学,全体,79,36,45.57
2022,立命館大学,新卒,124,74,59.68
2022,立命館大学,既卒,92,20,21.74
2022,立命館大学,全体,216,94,43.52
2023,立命館大学,新卒,106,63,59.43
2023,立命館大学,既卒,76,18,23.68
2023,立命館大学,全体,182,81,44.51
2024,立命館大学,新卒,44,24,54.55
2024,立命館大学,既卒,51,10,19.61
2024,立命館大学,全体,95,34,35.79
2025,立命館大学,新卒,153,89,58.17
2025,立命館大学,既卒,67,15,22.39
2025,立命館大学,全体,220,104,47.27
2020,第一薬科大学,新卒,141,118,83.69
2020,第一薬科大学,既卒,40,14,35.0
2020,第一薬科大学,全体,181,132,72.93
2021,第一薬科大学,新卒,171,154,90.06
2021,第一薬科大学,既卒,68,23,33.82
2021,第一薬科大学,全体,239,177,74.06
2022,第一薬科大学,新卒,141,121,85.82
2022,第一薬科大学,既卒,52,17,32.69
2022,第一薬科大学,全体,193,138,71.5
2023,第一薬科大学,新卒,117,97,82.91
2023,第一薬科大学,既卒,47,17,36.17
2023,第一薬科大学,全体,164,114,69.51
2024,第一薬科大学,新卒,108,91,84.26
2024,第一薬科大学,既卒,89,41,46.07
2024,第一薬科大学,全体,197,132,67.01
2025,第一薬科大学,新卒,43,37,86.05
2025,第一薬科大学,既卒,21,9,42.86
2025,第一薬科大学,全体,64,46,71.88
2020,近畿大学,新卒,154,117,75.97
2020,近畿大学,既卒,95,38,40.0
2020,近畿大学,全体,249,155,62.25
2021,近畿大学,新卒,189,141,74.6
2021,近畿大学,既卒,78,20,25.64
2021,近畿大学,全体,267,161,60.3
2022,近畿大学,新卒,89,67,75.28
2022,近畿大学,既卒,40,8,20.0
2022,近畿大学,全体,129,75,58.14
2023,近畿大学,新卒,127,96,75.59
2023,近畿大学,既卒,34,9,26.47
2023,近畿大学,全体,161,105,65.22
2024,近畿大学,新卒,132,102,77.27
2024,近畿大学,既卒,59,18,30.51
2024,近畿大学,全体,191,120,62.83
2025,近畿大学,新卒,116,91,78.45
2025,近畿大学,既卒,61,20,32.79
2025,近畿大学,全体,177,111,62.71
2020,金城学院大学,新卒,110,78,70.91
2020,金城学院大学,既卒,88,23,26.14
2020,金城学院大学,全体,198,101,51.01
2021,金城学院大学,新卒,72,50,69.44
2021,金城学院大学,既卒,55,16,29.09
2021,金城学院大学,全体,127,66,51.97
2022,金城学院大学,新卒,148,102,68.92
2022,金城学院大学,既卒,61,19,31.15
2022,金城学院大学,全体,209,121,57.89
2023,金城学院大学,新卒,143,105,73.43
2023,金城学院大学,既卒,26,5,19.23
2023,金城学院大学,全体,169,110,65.09
2024,金城学院大学,新卒,60,42,70.0
2024,金城学院大学,既卒,27,6,22.22
2024,金城学院大学,全体,87,48,55.17
2025,金城学院大学,新卒,124,88,70.97
2025,金城学院大学,既卒,23,7,30.43
2025,金城学院大学,全体,147,95,64.63
2020,金沢大学,新卒,28,26,92.86
2020,金沢大学,既卒,40,16,40.0
2020,金沢大学,全体,68,42,61.76
2021,金沢大学,新卒,36,34,94.44
2021,金沢大学,既卒,78,37,47.44
2021,金沢大学,全体,114,71,62.28
2022,金沢大学,新卒,34,34,100.0
2022,金沢大学,既卒,24,10,41.67
2022,金沢大学,全体,58,44,75.86
2023,金沢大学,新卒,32,31,96.88
2023,金沢大学,既卒,79,33,41.77
2023,金沢大学,全体,111,64,57.66
2024,金沢大学,新卒,39,36,92.31
2024,金沢大学,既卒,22,7,31.82
2024,金沢大学,全体,61,43,70.49
2025,金沢大学,新卒,40,39,97.5
2025,金沢大学,既卒,40,19,47.5
2025,金沢大学,全体,80,58,72.5
2020,長崎大学,新卒,169,102,60.36
2020,長崎大学,既卒,66,14,21.21
2020,長崎大学,全体,235,116,49.36
2021,長崎大学,新卒,57,33,57.89
2021,長崎大学,既卒,67,13,19.4
2021,長崎大学,全体,124,46,37.1
2022,長崎大学,新卒,125,80,64.0
2022,長崎大学,既卒,54,15,27.78
2022,長崎大学,全体,179,95,53.07
2023,長崎大学,新卒,164,98,59.76
2023,長崎大学,既卒,66,13,19.7
2023,長崎大学,全体,230,111,48.26
2024,長崎大学,新卒,138,83,60.14
2024,長崎大学,既卒,77,18,23.38
2024,長崎大学,全体,215,101,46.98
2025,長崎大学,新卒,192,109,56.77
2025,長崎大学,既卒,40,9,22.5
2025,長崎大学,全体,232,118,50.86
2020,青森大学,新卒,152,89,58.55
2020,青森大学,既卒,28,6,21.43
2020,青森大学,全体,180,95,52.78
2021,青森大学,新卒,131,77,58.78
2021,青森大学,既卒,25,7,28.0
2021,青森大学,全体,156,84,53.85
2022,青森大学,新卒,112,68,60.71
2022,青森大学,既卒,33,6,18.18
2022,青森大学,全体,145,74,51.03
2023,青森大学,新卒,67,37,55.22
2023,青森大学,既卒,38,9,23.68
2023,青森大学,全体,105,46,43.81
2024,青森大学,新卒,109,61,55.96
2024,青森大学,既卒,70,16,22.86
2024,青森大学,全体,179,77,43.02
2025,青森大学,新卒,61,34,55.74
2025,青森大学,既卒,64,16,25.0
2025,青森大学,全体,125,50,40.0
2020,静岡県立大学,新卒,134,114,85.07
2020,静岡県立大学,既卒,33,15,45.45
2020,静岡県立大学,全体,167,129,77.25
2021,静岡県立大学,新卒,170,147,86.47
2021,静岡県立大学,既卒,59,21,35.59
2021,静岡県立大学,全体,229,168,73.36
2022,静岡県立大学,新卒,152,126,82.89
2022,静岡県立大学,既卒,78,19,24.36
2022,静岡県立大学,全体,230,145,63.04
2023,静岡県立大学,新卒,93,81,87.1
2023,静岡県立大学,既卒,27,12,44.44
2023,静岡県立大学,全体,120,93,77.5
2024,静岡県立大学,新卒,108,92,85.19
2024,静岡県立大学,既卒,67,23,34.33
2024,静岡県立大学,全体,175,115,65.71
2025,静岡県立大学,新卒,90,77,85.56
2025,静岡県立大学,既卒,69,23,33.33
2025,静岡県立大学,全体,159,100,62.89
2020,高崎健康福祉大学,新卒,120,87,72.5
2020,高崎健康福祉大学,既卒,92,22,23.91
2020,高崎健康福祉大学,全体,212,109,51.42
2021,高崎健康福祉大学,新卒,91,68,74.73
2021,高崎健康福祉大学,既卒,27,9,33.33
2021,高崎健康福祉大学,全体,118,77,65.25
2022,高崎健康福祉大学,新卒,100,69,69.0
2022,高崎健康福祉大学,既卒,34,8,23.53
2022,高崎健康福祉大学,全体,134,77,57.46
2023,高崎健康福祉大学,新卒,113,86,76.11
2023,高崎健康福祉大学,既卒,41,13,31.71
2023,高崎健康福祉大学,全体,154,99,64.29
2024,高崎健康福祉大学,新卒,55,43,78.18
2024,高崎健康福祉大学,既卒,74,27,36.49
2024,高崎健康福祉大学,全体,129,70,54.26
2025,高崎健康福祉大学,新卒,159,120,75.47
2025,高崎健康福祉大学,既卒,95,31,32.63
2025,高崎健康福祉大学,全体,254,151,59.45
